Workbook

Sheet Resumo
A1: Teste técnico QA Jr – Verzel Store (VZS-142 v2.3.0)
A2: Painel de acompanhamento – todos os números são fórmulas sobre as abas Cenários e Exploratórias.
A4: Cenários por status | B4: Qtd | C4: % do total | E4: Como preencher
A5: Total de cenários | B5: =COUNTA(Cenários!$A$2:$A$500) -> 48 | E5: EXECUÇÃO MANUAL = aba Exploratórias (um cartão do PPT por linha). A aba Cenários é coberta pela automação (Playwright): use-a como rastreabilidade.
A6: Passou | B6: =COUNTIF(Cenários!$G$2:$G$500,"Passou") -> 2 | C6: =IFERROR(B6/$B$5,0) -> 0.041666667 | E6: Edite apenas as colunas de cabeçalho dourado: Status, Resultado/achado e Bug (Exploratórias) e Obtido, Status, Evidência e Bug (Cenários).
A7: Falhou | B7: =COUNTIF(Cenários!$G$2:$G$500,"Falhou") -> 0 | C7: =IFERROR(B7/$B$5,0) -> 0 | E7: Status: use a lista (Pendente / Passou / Falhou). Exploratórias: Pendente / Sem achados / Bug encontrado.
A8: Pendente | B8: =COUNTIF(Cenários!$G$2:$G$500,"Pendente") -> 46 | C8: =IFERROR(B8/$B$5,0) -> 0.95833333 | E8: Exemplo de preenchimento: linhas CT-U23 e CT-U24 (Obtido + Status "Passou"; falta anexar o print em docs/evidencias/screenshots/).
A9: Executados (Passou + Falhou) | B9: =B6+B7 -> 2 | C9: =IFERROR(B9/$B$5,0) -> 0.041666667 | E9: Print: nome do arquivo indicado na coluna (ex.: EX-U1-01.png) em docs/evidencias/screenshots/. Bug: ID de docs/BUGS.md (ex.: BUG-01). UI = navegador; API = Bruno.
E10: Esperado, Camada e Regra vêm da documentação VZS-142 – só altere se a documentação mudar.
A11: Cenários por camada | B11: Qtd | E11: Automação / Spec: ligação com tests/ do repositório (Sim, Parcial, Não). CT-U20 aguarda o HTML de /checkout.
A12: API (inclui API/UI) | B12: =COUNTIF(Cenários!$D$2:$D$500,"*API*") -> 28 | E12: Premissa: este arquivo substitui docs/CENARIOS.md. IDs repetidos no .md original foram consolidados (CT-U25 é novo).
A13: UI (inclui API/UI) | B13: =COUNTIF(Cenários!$D$2:$D$500,"*UI*") -> 36
A15: Automação Playwright | B15: Qtd | C15: % do total
A16: Automatizados | B16: =COUNTIF(Cenários!$J$2:$J$500,"Sim") -> 42 | C16: =IFERROR(B16/$B$5,0) -> 0.875
A17: Parcialmente | B17: =COUNTIF(Cenários!$J$2:$J$500,"Parcial") -> 2 | C17: =IFERROR(B17/$B$5,0) -> 0.041666667
A18: Não automatizados (manual/pendente) | B18: =COUNTIF(Cenários!$J$2:$J$500,"Não") -> 4 | C18: =IFERROR(B18/$B$5,0) -> 0.083333333
A20: Exploratórias (execução manual) | B20: Qtd | C20: % do total
A21: Total de evidências | B21: =COUNTA(Exploratórias!$A$2:$A$500) -> 56
A22: Sem achados | B22: =COUNTIF(Exploratórias!$E$2:$E$500,"Sem achados") -> 0 | C22: =IFERROR(B22/$B$21,0) -> 0
A23: Bug encontrado | B23: =COUNTIF(Exploratórias!$E$2:$E$500,"Bug encontrado") -> 0 | C23: =IFERROR(B23/$B$21,0) -> 0
A24: Pendente | B24: =COUNTIF(Exploratórias!$E$2:$E$500,"Pendente") -> 56 | C24: =IFERROR(B24/$B$21,0) -> 1
A25: Evidências de UI | B25: =COUNTIF(Exploratórias!$B$2:$B$500,"UI") -> 33
A26: Evidências de API | B26: =COUNTIF(Exploratórias!$B$2:$B$500,"API") -> 23

Sheet Cenários
A1: ID | B1: Regra | C1: Cenário | D1: Camada | E1: Esperado | F1: Obtido | G1: Status | H1: Evidência | I1: Bug | J1: Automação | K1: Spec Playwright
A2: CT-01 | B2: CA01 | C2: BEMVINDO10 em P002x1 + P004x2 | D2: API/UI | E2: subtotal 239,70; desconto 23,97; frete 0; total 215,73 | G2: Pendente | J2: Sim | K2: calcular.spec.ts · carrinho-calculo.spec.ts
A3: CT-02 | B3: CA02 | C3: Cupom em minúsculas/misto (bemvindo10, BemVindo10) | D3: API/UI | E3: desconto de 10% aplicado | G3: Pendente | J3: Sim | K3: calcular.spec.ts · carrinho-cupom.spec.ts
A4: CT-03 | B4: CA02 | C4: Cupom com espaços nas pontas (" BEMVINDO10 ") | D4: API/UI | E4: desconto de 10% aplicado | G4: Pendente | J4: Sim | K4: calcular.spec.ts · carrinho-cupom.spec.ts
A5: CT-04 | B5: CA03 | C5: Cupom inexistente (XPTO99) | D5: API/UI | E5: "Cupom inválido."; desconto 0 | G5: Pendente | J5: Sim | K5: calcular.spec.ts · carrinho-cupom.spec.ts
A6: CT-05 | B6: CA04 | C6: Cupom expirado (VERAO2026) | D6: API/UI | E6: "Cupom expirado."; desconto 0 | G6: Pendente | J6: Sim | K6: calcular.spec.ts · carrinho-cupom.spec.ts
A7: CT-06 | B7: CA07 | C7: P005x1 sem cupom | D7: API/UI | E7: frete 19,90; faltam 100,00; total 119,90 | G7: Pendente | J7: Sim | K7: calcular.spec.ts · carrinho-calculo.spec.ts
A8: CT-07 | B8: CA06 | C8: P005x2 = 200,00 exato | D8: API/UI | E8: frete 0; frete grátis; total 200,00 | G8: Pendente | J8: Sim | K8: calcular.spec.ts · carrinho-calculo.spec.ts
A9: CT-08 | B9: CA07 | C9: P003x1 = 189,90 | D9: API/UI | E9: frete 19,90; faltam 10,10; total 209,80 | G9: Pendente | J9: Sim | K9: calcular.spec.ts · carrinho-calculo.spec.ts
A10: CT-09 | B10: CA06/07 | C10: P001x1 + P002x1 = 199,80 | D10: API | E10: frete 19,90; faltam 0,20; total 219,70 | G10: Pendente | J10: Sim | K10: calcular.spec.ts · carrinho-calculo.spec.ts
A11: CT-10 | B11: CA08 | C11: P005x2 + BEMVINDO10 (subtotal 200 → desconto 20) | D11: API/UI | E11: frete 0 (usa subtotal pré-desconto); total 180,00 | G11: Pendente | J11: Sim | K11: calcular.spec.ts · carrinho-calculo.spec.ts
A12: CT-11 | B12: CA09 | C12: P005x1 + BEMVINDO10 | D12: API/UI | E12: desconto 10,00; frete 19,90; total 109,90 | G12: Pendente | J12: Sim | K12: calcular.spec.ts · carrinho-calculo.spec.ts
A13: CT-12 | B13: CA11 | C13: P001x3 + BEMVINDO10 (59,90×3) | D13: API | E13: subtotal 179,70; desconto 17,97; frete 19,90; faltam 20,30; total 181,63 | G13: Pendente | J13: Sim | K13: calcular.spec.ts · carrinho-calculo.spec.ts
... A30: CT-U06 | B30: CA10 | C30: Botão "+" além de 5 unidades | D30: UI | E30: bloqueia ou avisa; sem 6ª unidade | G30: Pendente | J30: Sim | K30: carrinho-itens.spec.ts
A31: CT-U07 | B31: – | C31: Interface exibe o mesmo valor que a API calcula | D31: UI/API | E31: valores idênticos | G31: Pendente | J31: Não
A32: CT-U08 | B32: Ambiente | C32: Carrinho some em outra aba (comportamento esperado, NÃO é bug) | D32: UI | E32: carrinho vazio | G32: Pendente | J32: Sim | K32: vitrine.spec.ts
A33: CT-U09 | B33: – | C33: Vitrine lista os 8 produtos com nome, categoria, descrição e preço iguais à API | D33: UI/API | E33: dados idênticos | G33: Pendente | J33: Sim | K33: vitrine.spec.ts
A34: CT-U10 | B34: – | C34: Adicionar ao carrinho atualiza o contador do cabeçalho (e seu texto acessível: "1 item" vs "1 itens") | D34: UI | E34: estado inicial 0; contador = quantidade adicionada (1 após o primeiro item) | G34: Pendente | J34: Sim | K34: vitrine.spec.ts
A35: CT-U11 | B35: CA10 | C35: Limite de 5 na vitrine: 6º clique no mesmo produto | D35: UI | E35: bloqueia e/ou exibe aviso (#aviso-P004); nunca chega a 6 | G35: Pendente | J35: Sim | K35: vitrine.spec.ts
A36: CT-U12 | B36: CA06/CA01 | C36: Destaque da home: frete grátis a partir de R$ 200,00 e cupom BEMVINDO10 (10%) | D36: UI | E36: textos coerentes com a documentação (ver A11 sobre "primeira compra") | G36: Pendente | J36: Sim | K36: vitrine.spec.ts
A37: CT-U13 | B37: – | C37: Navegação: Produtos, Documentação, Carrinho; título da aba | D37: UI | E37: rotas e título corretos | G37: Pendente | J37: Sim | K37: vitrine.spec.ts
A38: CT-U14 | B38: – | C38: Acessibilidade básica: botões "Adicionar ao carrinho" repetidos sem nome do produto, foco por teclado, aviso aria-live | D38: UI | E38: observar e registrar (severidade baixa) | G38: Pendente | J38: Não
A39: CT-U15 | B39: CA06/CA09 | C39: Resumo com os 8 produtos (subtotal 849,40) | D39: UI | E39: desconto 0,00; frete "Grátis"; total 849,40 | G39: Pendente | J39: Sim | K39: carrinho-calculo.spec.ts
A40: CT-U16 | B40: – | C40: Remover item recalcula resumo e contador | D40: UI | E40: subtotal/frete/contador atualizados | G40: Pendente | J40: Sim | K40: carrinho-itens.spec.ts
A41: CT-U17 | B41: – | C41: Botão "-" com 1 unidade | D41: UI | E41: desabilitado (visto no HTML) | G41: Pendente | J41: Sim | K41: carrinho-itens.spec.ts
A42: CT-U18 | B42: CA07/CA08 | C42: Cupom aplicado + reduzir quantidade (P005 2→1) | D42: UI | E42: desconto 10,00; frete passa a 19,90; total 109,90 | G42: Pendente | J42: Sim | K42: carrinho-itens.spec.ts
A43: CT-U19 | B43: – | C43: Esvaziar carrinho | D43: UI | E43: carrinho vazio; contador 0 | G43: Pendente | J43: Sim | K43: carrinho-itens.spec.ts
A44: CT-U20 | B44: regra existente | C44: Checkout: nome/e-mail/CEP e confirmação do pedido | D44: UI | E44: validações da doc; nº VZ-000000 | G44: Pendente | J44: Não | K44: checkout.spec.ts (test.fixme)
A45: CT-U21 | B45: CA06/CA07 | C45: Aviso de faltante some ao atingir R$ 200,00 | D45: UI | E45: aviso oculto com subtotal ≥ 200 | G45: Pendente | J45: Sim | K45: carrinho-itens.spec.ts
A46: CT-U22 | B46: CA02 | C46: Cupom aplicado: mensagem, rótulo "Desconto (BEMVINDO10)" e código normalizado | D46: UI | E46: "Cupom BEMVINDO10 aplicado." mesmo digitando " bemvindo10 " | G46: Pendente | J46: Sim | K46: carrinho-cupom.spec.ts
A47: CT-U23 | B47: CA01/07/09 | C47: P004 + P008 + BEMVINDO10 | D47: UI | E47: subtotal 99,90; desconto -9,99; frete 19,90; total 109,81; "Faltam R$ 100,10" | F47: subtotal 99,90; desconto -9,99; frete 19,90; total 109,81; "Faltam R$ 100,10 para o frete grátis." (HTML capturado) | G47: Passou | H47: anexar print | J47: Sim | K47: carrinho-calculo.spec.ts
A48: CT-U24 | B48: CA01/06/08 | C48: 8 produtos x1 + BEMVINDO10 | D48: UI | E48: subtotal 849,40; desconto -84,94; frete Grátis; total 764,46 | F48: subtotal 849,40; desconto -84,94; frete Grátis; total 764,46 (HTML capturado) | G48: Passou | H48: anexar print | J48: Sim | K48: carrinho-calculo.spec.ts
A49: CT-U25 | B49: – | C49: Itens permanecem ao ir a /carrinho e voltar (mesma aba) | D49: UI | E49: contador mantido | G49: Pendente | J49: Não

Sheet Exploratórias
A1: ID (evidência) | B1: Camada | C1: Cenário exploratório | D1: Exemplo / condição | E1: Status | F1: Resultado / achado | G1: Arquivo do print | H1: Bug
A2: EX-U1-01 | B2: UI | C2: Variações do código do cupom | D2: codigo=BEM VINDO10; resultado=sem desconto ("Cupom inválido.") | E2: Pendente | G2: EX-U1-01.png
A3: EX-U1-02 | B3: UI | C3: Variações do código do cupom | D3: codigo=(vazio); resultado=registrar o comportamento | E3: Pendente | G3: EX-U1-02.png
A4: EX-U1-03 | B4: UI | C4: Variações do código do cupom | D4: codigo=(3 espaços); resultado=registrar o comportamento | E4: Pendente | G4: EX-U1-03.png
A5: EX-U1-04 | B5: UI | C5: Variações do código do cupom | D5: codigo=BEMVINDO10!@#; resultado=sem desconto ("Cupom inválido.") | E5: Pendente | G5: EX-U1-04.png
A6: EX-U1-05 | B6: UI | C6: Variações do código do cupom | D6: codigo=(1000 × A); resultado=sem desconto e sem quebrar o layout | E6: Pendente | G6: EX-U1-05.png
A7: EX-U1-06 | B7: UI | C7: Variações do código do cupom | D7: codigo=BEMVÍNDO10; resultado=sem desconto ("Cupom inválido.") | E7: Pendente | G7: EX-U1-06.png
A8: EX-U2-01 | B8: UI | C8: Interações com o limite de 5 unidades | D8: acao=clico 10× rápido em "+" na linha do Boné | E8: Pendente | G8: EX-U2-01.png
A9: EX-U2-02 | B9: UI | C9: Interações com o limite de 5 unidades | D9: acao=clico 10× rápido em "Adicionar ao carrinho" | E9: Pendente | G9: EX-U2-02.png
A10: EX-U2-03 | B10: UI | C10: Interações com o limite de 5 unidades | D10: acao=recarrego a página com 5× Boné no carrinho | E10: Pendente | G10: EX-U2-03.png
A11: EX-U2-04 | B11: UI | C11: Interações com o limite de 5 unidades | D11: acao=altero a quantidade após aplicar BEMVINDO10 | E11: Pendente | G11: EX-U2-04.png
A12: EX-U2-05 | B12: UI | C12: Interações com o limite de 5 unidades | D12: acao=removo o Boné com BEMVINDO10 ativo | E12: Pendente | G12: EX-U2-05.png
A13: EX-U3-01 | B13: UI | C13: Estado do carrinho ao navegar e recarregar | D13: acao=removo todos os itens | E13: Pendente | G13: EX-U3-01.png
... A57: EX-A4-04 | B57: API | C57: Consistência entre endpoints | D57: Subtotal = soma do catálogo | E57: Pendente | G57: EX-A4-04.png
